,Date,HomeTeam,AwayTeam,FTHG,FTAG,FTR,FTR,B365D,B365A,Score,Round,Home_Id,Away_Id
2660,27/04/2019,Sao Paulo,Botafogo RJ,2.0,0.0,H,1.78,3.39,5.61,1.0,0.0,2,13
2661,27/04/2019,Atletico-MG,Avai,2.0,1.0,H,1.56,4.09,6.46,0.5,0.0,5,15
2662,27/04/2019,Chapecoense-SC,Internacional,2.0,0.0,H,3.02,3.03,2.71,1.0,0.0,17,7
2663,28/04/2019,Flamengo RJ,Cruzeiro,3.0,1.0,H,2.32,3.2,3.47,1.0,0.0,12,14
2664,28/04/2019,Gremio,Santos,1.0,2.0,A,1.71,3.58,5.78,-0.5,0.0,6,1
2665,28/04/2019,Athletico-PR,Vasco,4.0,1.0,H,1.48,4.1,8.19,1.5,0.0,0,11
2666,28/04/2019,Bahia,Corinthians,3.0,2.0,H,2.28,3.14,3.63,0.5,0.0,3,16
2667,28/04/2019,Ceara,CSA,4.0,0.0,H,1.88,3.41,4.81,2.0,0.0,4,18
2668,28/04/2019,Fluminense,Goias,0.0,1.0,A,1.77,3.68,5.02,-0.5,0.0,19,9
2669,28/04/2019,Palmeiras,Fortaleza,4.0,0.0,H,1.36,4.98,9.4,2.0,0.0,10,8
2670,01/05/2019,Corinthians,Chapecoense-SC,1.0,0.0,H,1.66,3.3,7.5,0.5,0.0,16,17
2671,01/05/2019,CSA,Palmeiras,1.0,1.0,D,7.04,3.93,1.56,0.0,0.0,18,10
2672,01/05/2019,Internacional,Flamengo RJ,2.0,1.0,H,2.44,3.1,3.34,0.5,0.0,7,12
2673,01/05/2019,Avai,Gremio,1.0,1.0,D,3.88,3.16,2.18,0.0,0.0,15,6
2674,01/05/2019,Cruzeiro,Ceara,1.0,0.0,H,1.52,3.71,8.93,0.5,0.0,14,4
2675,02/05/2019,Fortaleza,Athletico-PR,2.0,1.0,H,3.6,3.27,2.23,0.5,0.0,8,0
2676,02/05/2019,Goias,Sao Paulo,1.0,2.0,A,3.1,3.04,2.63,-0.5,0.0,9,2
2677,02/05/2019,Vasco,Atletico-MG,1.0,2.0,A,3.27,3.3,2.37,-0.5,0.0,11,5
2678,02/05/2019,Santos,Fluminense,2.0,1.0,H,1.65,3.73,6.13,0.5,0.0,1,19
2679,03/05/2019,Botafogo RJ,Bahia,3.0,2.0,H,2.36,3.06,3.57,0.5,0.0,13,3
2680,04/05/2019,Palmeiras,Internacional,1.0,0.0,H,1.61,3.81,6.5,0.5,0.0,10,7
2681,04/05/2019,Vasco,Corinthians,1.0,1.0,D,3.26,3.16,2.46,0.0,0.0,11,16
2682,05/05/2019,Ceara,Atletico-MG,1.0,2.0,A,2.42,3.18,3.29,-0.5,0.0,4,5
2683,05/05/2019,Chapecoense-SC,Athletico-PR,1.0,1.0,D,2.64,2.99,3.15,0.0,0.0,17,0
2684,05/05/2019,Botafogo RJ,Fortaleza,1.0,0.0,H,1.72,4.0,4.87,0.5,0.0,13,8
2685,05/05/2019,Cruzeiro,Goias,2.0,1.0,H,1.4,4.54,9.35,0.5,0.0,14,9
2686,05/05/2019,CSA,Santos,0.0,0.0,D,4.84,3.49,1.85,0.0,0.0,18,1
2687,05/05/2019,Sao Paulo,Flamengo RJ,1.0,1.0,D,2.06,3.31,4.07,0.0,0.0,2,12
2688,05/05/2019,Bahia,Avai,1.0,0.0,H,1.62,3.91,6.1,0.5,0.0,3,15
2689,05/05/2019,Gremio,Fluminense,4.0,5.0,A,1.51,4.14,7.47,-0.5,0.0,6,19
2690,11/05/2019,Fluminense,Botafogo RJ,0.0,1.0,A,2.1,3.3,3.95,-0.5,0.0,19,13
2691,11/05/2019,Corinthians,Gremio,0.0,0.0,D,3.0,2.98,2.76,0.0,0.0,16,6
2692,12/05/2019,Goias,Ceara,2.0,1.0,H,2.16,3.18,3.93,0.5,0.0,9,4
2693,12/05/2019,Flamengo RJ,Chapecoense-SC,2.0,1.0,H,1.43,4.39,8.7,0.5,0.0,12,17
2694,12/05/2019,Atletico-MG,Palmeiras,0.0,2.0,A,3.37,2.96,2.52,-1.0,0.0,5,10
2695,12/05/2019,Internacional,Cruzeiro,3.0,1.0,H,2.1,3.11,4.26,1.0,0.0,7,14
2696,12/05/2019,Santos,Vasco,3.0,0.0,H,1.4,4.71,8.56,1.5,0.0,1,11
2697,12/05/2019,Athletico-PR,Bahia,1.0,0.0,H,1.85,3.49,4.79,0.5,0.0,0,3
2698,12/05/2019,Avai,CSA,0.0,0.0,D,1.7,3.67,5.62,0.0,0.0,15,18
2699,12/05/2019,Fortaleza,Sao Paulo,0.0,1.0,A,2.97,3.0,2.77,-0.5,0.0,8,2
2700,18/05/2019,Fluminense,Cruzeiro,4.0,1.0,H,2.65,3.04,3.08,1.5,0.0,19,14
2701,18/05/2019,Atletico-MG,Flamengo RJ,2.0,1.0,H,2.88,3.21,2.68,0.5,0.0,5,12
2702,18/05/2019,Palmeiras,Santos,4.0,0.0,H,1.68,3.75,5.76,2.0,0.0,10,1
2703,19/05/2019,Sao Paulo,Bahia,0.0,0.0,D,1.83,3.41,5.1,0.0,0.0,2,3
2704,19/05/2019,Athletico-PR,Corinthians,0.0,2.0,A,2.25,3.1,3.76,-1.0,0.0,0,16
2705,19/05/2019,Chapecoense-SC,Fortaleza,1.0,3.0,A,2.41,3.01,3.52,-1.0,0.0,17,8
2706,19/05/2019,Goias,Botafogo RJ,1.0,0.0,H,2.26,3.2,3.61,0.5,0.0,9,13
2707,19/05/2019,Internacional,CSA,2.0,0.0,H,1.22,6.05,17.04,1.0,0.0,7,18
2708,19/05/2019,Ceara,Gremio,2.0,1.0,H,3.03,3.09,2.65,0.5,0.0,4,6
2709,19/05/2019,Vasco,Avai,1.0,1.0,D,1.71,3.71,5.48,0.0,0.0,11,15
2710,25/05/2019,Botafogo RJ,Palmeiras,0.0,1.0,A,8.64,4.39,1.43,-0.5,0.0,13,10
2711,25/05/2019,Gremio,Atletico-MG,1.0,0.0,H,1.63,3.95,5.85,0.5,0.0,6,5
2712,26/05/2019,Flamengo RJ,Athletico-PR,3.0,2.0,H,1.43,4.52,8.23,0.5,0.0,12,0
2713,26/05/2019,Santos,Internacional,0.0,0.0,D,1.85,3.6,4.63,0.0,0.0,1,7
2714,26/05/2019,Bahia,Fluminense,3.0,2.0,H,1.91,3.37,4.71,0.5,0.0,3,19
2715,26/05/2019,Corinthians,Sao Paulo,1.0,0.0,H,2.45,2.83,3.71,0.5,0.0,16,2
2716,26/05/2019,Cruzeiro,Chapecoense-SC,1.0,2.0,A,1.4,4.37,10.03,-0.5,0.0,14,17
2717,26/05/2019,Fortaleza,Vasco,1.0,1.0,D,1.89,3.48,4.58,0.0,0.0,8,11
2718,28/05/2019,Avai,Ceara,1.0,2.0,A,2.64,2.89,3.27,-0.5,0.0,15,4
2719,28/05/2019,CSA,Goias,1.0,0.0,H,2.84,2.9,3.0,0.5,0.0,18,9
2720,01/06/2019,Flamengo RJ,Fortaleza,2.0,0.0,H,1.42,4.66,8.05,1.0,0.0,12,8
2721,01/06/2019,Bahia,Gremio,1.0,0.0,H,2.48,2.98,3.41,0.5,0.0,3,6
2722,02/06/2019,Botafogo RJ,Vasco,1.0,0.0,H,2.35,3.19,3.42,0.5,0.0,13,11
2723,02/06/2019,Athletico-PR,Fluminense,3.0,0.0,H,1.66,3.88,5.67,1.5,0.0,0,19
2724,02/06/2019,Ceara,Santos,0.0,1.0,A,2.84,3.21,2.73,-0.5,0.0,4,1
2725,02/06/2019,Sao Paulo,Cruzeiro,1.0,1.0,D,2.37,2.98,3.65,0.0,0.0,2,14
2726,02/06/2019,Atletico-MG,CSA,4.0,0.0,H,1.41,4.64,8.45,2.0,0.0,5,18
2727,02/06/2019,Chapecoense-SC,Palmeiras,1.0,2.0,A,6.2,3.54,1.68,-0.5,0.0,17,10
2728,02/06/2019,Internacional,Avai,2.0,0.0,H,1.44,4.3,8.84,1.0,0.0,7,15
2729,08/06/2019,Vasco,Internacional,2.0,1.0,H,3.12,3.14,2.53,0.5,0.0,11,7
2730,08/06/2019,Palmeiras,Athletico-PR,1.0,0.0,H,1.58,3.75,7.14,0.5,0.0,10,0
2731,08/06/2019,Cruzeiro,Corinthians,0.0,0.0,D,1.91,3.26,4.93,0.0,0.0,14,16
2732,08/06/2019,Gremio,Fortaleza,1.0,0.0,H,1.48,4.21,7.99,0.5,0.0,6,8
2733,08/06/2019,Ceara,Bahia,0.0,0.0,D,2.65,2.96,3.16,0.0,0.0,4,3
2734,09/06/2019,Avai,Sao Paulo,0.0,0.0,D,3.1,2.91,2.75,0.0,0.0,15,2
2735,09/06/2019,CSA,Botafogo RJ,1.0,2.0,A,3.11,2.99,2.67,-0.5,0.0,18,13
2736,09/06/2019,Fluminense,Flamengo RJ,0.0,0.0,D,5.0,3.67,1.78,0.0,0.0,19,12
2737,09/06/2019,Santos,Atletico-MG,3.0,1.0,H,1.75,3.81,4.98,1.0,0.0,1,5
2738,11/06/2019,Goias,Chapecoense-SC,3.0,1.0,H,1.87,3.31,5.02,1.0,0.0,9,17
2739,12/06/2019,Botafogo RJ,Gremio,0.0,1.0,A,3.21,3.08,2.51,-0.5,0.0,13,6
2740,13/06/2019,Fortaleza,Cruzeiro,2.0,1.0,H,3.35,3.1,2.42,0.5,0.0,8,14
2741,13/06/2019,CSA,Flamengo RJ,0.0,2.0,A,13.92,5.83,1.25,-1.0,0.0,18,12
2742,13/06/2019,Internacional,Bahia,3.0,1.0,H,1.74,3.5,5.65,1.0,0.0,7,3
2743,13/06/2019,Santos,Corinthians,1.0,0.0,H,1.72,3.5,5.9,0.5,0.0,1,16
2744,13/06/2019,Vasco,Ceara,1.0,0.0,H,2.2,3.21,3.71,0.5,0.0,11,4
2745,14/06/2019,Atletico-MG,Sao Paulo,1.0,1.0,D,1.97,3.31,4.49,0.0,0.0,5,2
2746,14/06/2019,Chapecoense-SC,Fluminense,1.0,1.0,D,2.77,3.07,2.87,0.0,0.0,17,19
2747,14/06/2019,Goias,Athletico-PR,2.0,1.0,H,2.96,3.15,2.63,0.5,0.0,9,0
2748,14/06/2019,Palmeiras,Avai,2.0,0.0,H,1.26,5.33,16.58,1.0,0.0,10,15
2749,13/07/2019,Fortaleza,Avai,2.0,0.0,H,2.03,3.07,4.54,1.0,0.0,8,15
2750,13/07/2019,Gremio,Vasco,2.0,1.0,H,1.57,3.92,6.44,0.5,0.0,6,11
2751,13/07/2019,Bahia,Santos,0.0,1.0,A,2.77,3.13,2.79,-0.5,0.0,3,1
2752,13/07/2019,Sao Paulo,Palmeiras,1.0,1.0,D,3.81,2.9,2.31,0.0,0.0,2,10
2753,14/07/2019,Flamengo RJ,Goias,6.0,1.0,H,1.24,6.16,12.49,2.5,0.0,12,9
2754,14/07/2019,Athletico-PR,Internacional,1.0,0.0,H,1.63,3.9,5.94,0.5,0.0,0,7
2755,14/07/2019,Corinthians,CSA,1.0,0.0,H,1.37,4.36,12.39,0.5,0.0,16,18
2756,14/07/2019,Cruzeiro,Botafogo RJ,0.0,0.0,D,1.68,3.69,5.87,0.0,0.0,14,13
2757,14/07/2019,Chapecoense-SC,Atletico-MG,1.0,2.0,A,2.51,3.16,3.13,-0.5,0.0,17,5
2758,16/07/2019,Fluminense,Ceara,1.0,1.0,D,1.67,3.54,6.34,0.0,0.0,19,4
2759,20/07/2019,Vasco,Fluminense,2.0,1.0,H,2.43,3.21,3.21,0.5,0.0,11,19
2760,20/07/2019,Bahia,Cruzeiro,0.0,0.0,D,1.67,3.72,5.92,0.0,0.0,3,14
2761,20/07/2019,Ceara,Palmeiras,2.0,0.0,H,5.15,3.36,1.84,1.0,0.0,4,10
2762,20/07/2019,CSA,Athletico-PR,0.0,4.0,A,3.53,3.38,2.2,-2.0,0.0,18,0
2763,20/07/2019,Internacional,Gremio,1.0,1.0,D,2.29,2.92,3.92,0.0,0.0,7,6
2764,21/07/2019,Botafogo RJ,Santos,0.0,1.0,A,3.61,3.13,2.28,-0.5,0.0,13,1
2765,21/07/2019,Atletico-MG,Fortaleza,2.0,2.0,D,1.51,4.29,6.88,0.0,0.0,5,8
2766,21/07/2019,Corinthians,Flamengo RJ,1.0,1.0,D,3.1,2.92,2.71,0.0,0.0,16,12
2767,21/07/2019,Avai,Goias,0.0,0.0,D,2.02,3.26,4.3,0.0,0.0,15,9
2768,23/07/2019,Sao Paulo,Chapecoense-SC,4.0,0.0,H,1.53,3.87,7.92,2.0,0.0,2,17
2769,27/07/2019,Palmeiras,Vasco,1.0,1.0,D,1.47,4.05,8.75,0.0,0.0,10,11
2770,27/07/2019,Cruzeiro,Athletico-PR,0.0,2.0,A,3.8,3.18,2.18,-1.0,0.0,14,0
2771,27/07/2019,Fluminense,Sao Paulo,1.0,2.0,A,2.49,3.14,3.18,-0.5,0.0,19,2
2772,27/07/2019,Internacional,Ceara,1.0,0.0,H,1.99,3.22,4.56,0.5,0.0,7,4
2773,28/07/2019,Chapecoense-SC,Bahia,0.0,0.0,D,2.81,3.04,2.87,0.0,0.0,17,3
2774,28/07/2019,Flamengo RJ,Botafogo RJ,3.0,2.0,H,1.4,4.75,8.49,0.5,0.0,12,13
2775,28/07/2019,Santos,Avai,3.0,1.0,H,1.29,5.25,13.32,1.0,0.0,1,15
2776,28/07/2019,Fortaleza,Corinthians,1.0,3.0,A,2.53,2.96,3.31,-1.0,0.0,8,16
2777,28/07/2019,Goias,Atletico-MG,0.0,0.0,D,3.01,3.35,2.48,0.0,0.0,9,5
2778,30/07/2019,CSA,Gremio,0.0,0.0,D,5.91,3.64,1.68,0.0,0.0,18,6
2779,03/08/2019,Ceara,Fortaleza,2.0,1.0,H,2.31,2.98,3.75,0.5,0.0,4,8
2780,03/08/2019,Fluminense,Internacional,2.0,1.0,H,1.92,3.35,4.67,0.5,0.0,19,7
2781,04/08/2019,Santos,Goias,6.0,1.0,H,1.23,6.49,13.63,2.5,0.0,1,9
2782,04/08/2019,Avai,Botafogo RJ,0.0,2.0,A,2.31,2.96,3.77,-1.0,0.0,15,13
2783,04/08/2019,Bahia,Flamengo RJ,3.0,0.0,H,2.91,3.24,2.61,1.5,0.0,3,12
2784,04/08/2019,Atletico-MG,Cruzeiro,2.0,0.0,H,2.09,3.27,4.01,1.0,0.0,5,14
2785,04/08/2019,Corinthians,Palmeiras,1.0,1.0,D,3.76,2.77,2.45,0.0,0.0,16,10
2786,04/08/2019,Vasco,CSA,0.0,0.0,D,1.6,3.73,6.8,0.0,0.0,11,18
2787,06/08/2019,Gremio,Chapecoense-SC,3.0,3.0,D,1.29,5.34,12.25,0.0,0.0,6,17
2788,07/08/2019,Corinthians,Goias,2.0,0.0,H,1.52,3.92,7.98,1.0,0.0,16,9
2789,10/08/2019,Ceara,Chapecoense-SC,4.0,1.0,H,1.65,3.8,5.89,1.5,0.0,4,17
2790,10/08/2019,Sao Paulo,Santos,3.0,2.0,H,2.64,2.99,3.11,0.5,0.0,2,1
2791,10/08/2019,Flamengo RJ,Gremio,3.0,1.0,H,1.59,3.77,6.94,1.0,0.0,12,6
2792,11/08/2019,Atletico-MG,Fluminense,2.0,1.0,H,1.85,3.69,4.49,0.5,0.0,5,19
2793,11/08/2019,Internacional,Corinthians,0.0,0.0,D,1.93,3.21,4.92,0.0,0.0,7,16
2794,11/08/2019,Avai,Cruzeiro,2.0,2.0,D,3.25,3.03,2.52,0.0,0.0,15,14
2795,11/08/2019,Botafogo RJ,Athletico-PR,2.0,1.0,H,2.16,3.34,3.66,0.5,0.0,13,0
2796,11/08/2019,Palmeiras,Bahia,2.0,2.0,D,1.38,4.53,10.17,0.0,0.0,10,3
2797,11/08/2019,Goias,Vasco,0.0,1.0,A,2.16,3.26,3.76,-0.5,0.0,9,11
2798,13/08/2019,CSA,Fortaleza,0.0,2.0,A,3.01,3.06,2.66,-1.0,0.0,18,8
2799,17/08/2019,Corinthians,Botafogo RJ,2.0,0.0,H,1.56,3.81,7.26,1.0,0.0,16,13
2800,17/08/2019,Fortaleza,Internacional,0.0,1.0,A,2.23,3.27,3.56,-0.5,0.0,8,7
2801,17/08/2019,Athletico-PR,Atletico-MG,1.0,0.0,H,1.87,3.85,4.15,0.5,0.0,0,5
2802,17/08/2019,Vasco,Flamengo RJ,1.0,4.0,A,6.11,3.78,1.64,-1.5,0.0,11,12
2803,18/08/2019,Gremio,Palmeiras,1.0,1.0,D,2.82,3.05,2.84,0.0,0.0,6,10
2804,18/08/2019,Bahia,Goias,1.0,1.0,D,1.48,4.25,7.71,0.0,0.0,3,9
2805,18/08/2019,Cruzeiro,Santos,2.0,0.0,H,2.81,3.09,2.82,1.0,0.0,14,1
2806,18/08/2019,Fluminense,CSA,0.0,1.0,A,1.31,5.34,10.63,-0.5,0.0,19,18
2807,18/08/2019,Sao Paulo,Ceara,1.0,0.0,H,1.66,3.55,6.55,0.5,0.0,2,4
2808,18/08/2019,Chapecoense-SC,Avai,1.0,0.0,H,2.12,3.1,4.12,0.5,0.0,17,15
2809,21/08/2019,Athletico-PR,Sao Paulo,0.0,1.0,A,2.02,3.28,4.3,-0.5,0.0,0,2
2810,24/08/2019,Atletico-MG,Bahia,0.0,1.0,A,2.07,3.21,4.16,-0.5,0.0,5,3
2811,24/08/2019,Gremio,Athletico-PR,2.0,1.0,H,2.2,3.27,3.64,0.5,0.0,6,0
2812,25/08/2019,Goias,Internacional,2.0,1.0,H,2.6,3.13,3.02,0.5,0.0,9,7
2813,25/08/2019,Santos,Fortaleza,3.0,3.0,D,1.33,5.12,10.82,0.0,0.0,1,8
2814,25/08/2019,Vasco,Sao Paulo,2.0,0.0,H,2.98,2.97,2.76,1.0,0.0,11,2
2815,25/08/2019,Avai,Corinthians,1.0,1.0,D,2.85,2.88,2.97,0.0,0.0,15,16
2816,25/08/2019,Ceara,Flamengo RJ,0.0,3.0,A,3.24,3.29,2.37,-1.5,0.0,4,12
2817,25/08/2019,CSA,Cruzeiro,1.0,1.0,D,4.33,3.28,2.01,0.0,0.0,18,14
2818,27/08/2019,Botafogo RJ,Chapecoense-SC,0.0,0.0,D,1.8,3.48,5.15,0.0,0.0,13,17
2819,31/08/2019,Sao Paulo,Gremio,0.0,0.0,D,2.05,3.24,4.22,0.0,0.0,2,6
2820,31/08/2019,Bahia,CSA,1.0,0.0,H,1.33,4.83,12.23,0.5,0.0,3,18
2821,31/08/2019,Athletico-PR,Ceara,1.0,0.0,H,1.44,4.47,8.24,0.5,0.0,0,4
2822,31/08/2019,Chapecoense-SC,Santos,0.0,1.0,A,4.16,3.63,1.93,-0.5,0.0,17,1
2823,01/09/2019,Internacional,Botafogo RJ,3.0,2.0,H,1.55,4.03,6.89,0.5,0.0,7,13
2824,01/09/2019,Flamengo RJ,Palmeiras,3.0,0.0,H,2.23,3.17,3.68,1.5,0.0,12,10
2825,01/09/2019,Fortaleza,Goias,2.0,0.0,H,1.87,3.41,4.82,1.0,0.0,8,9
2826,01/09/2019,Corinthians,Atletico-MG,1.0,0.0,H,2.22,2.9,4.17,0.5,0.0,16,5
2827,01/09/2019,Cruzeiro,Vasco,1.0,0.0,H,1.78,3.53,5.24,0.5,0.0,14,11
2828,03/09/2019,Fluminense,Avai,0.0,1.0,A,1.54,3.94,7.24,-0.5,0.0,19,15
2829,07/09/2019,Corinthians,Ceara,2.0,2.0,D,1.69,3.45,6.34,0.0,0.0,16,4
2830,07/09/2019,Vasco,Bahia,0.0,2.0,A,2.24,3.08,3.79,-1.0,0.0,11,3
2831,07/09/2019,Avai,Flamengo RJ,0.0,3.0,A,8.98,4.43,1.42,-1.5,0.0,15,12
2832,07/09/2019,Fortaleza,Fluminense,0.0,1.0,A,2.28,3.24,3.47,-0.5,0.0,8,19
2833,07/09/2019,Internacional,Sao Paulo,1.0,0.0,H,2.55,3.02,3.22,0.5,0.0,7,2
2834,08/09/2019,Goias,Palmeiras,1.0,2.0,A,5.91,3.56,1.7,-0.5,0.0,9,10
2835,08/09/2019,Cruzeiro,Gremio,1.0,4.0,A,2.66,3.0,3.08,-1.5,0.0,14,6
2836,08/09/2019,Botafogo RJ,Atletico-MG,2.0,1.0,H,3.38,3.44,2.23,0.5,0.0,13,5
2837,08/09/2019,Santos,Athletico-PR,1.0,1.0,D,1.5,4.39,6.95,0.0,0.0,1,0
2838,08/09/2019,CSA,Chapecoense-SC,2.0,0.0,H,2.59,2.98,3.2,1.0,0.0,18,17
2839,11/09/2019,Palmeiras,Fluminense,3.0,0.0,H,1.32,5.11,11.4,1.5,0.0,10,19
2840,14/09/2019,Flamengo RJ,Santos,1.0,0.0,H,1.58,4.04,6.25,0.5,0.0,12,1
2841,14/09/2019,Chapecoense-SC,Vasco,1.0,2.0,A,2.83,2.97,2.9,-0.5,0.0,17,11
2842,14/09/2019,Palmeiras,Cruzeiro,1.0,0.0,H,1.31,5.48,10.55,0.5,0.0,10,14
2843,15/09/2019,Ceara,Botafogo RJ,0.0,0.0,D,1.69,3.7,5.7,0.0,0.0,4,13
2844,15/09/2019,Athletico-PR,Avai,0.0,1.0,A,1.79,3.46,5.26,-0.5,0.0,0,15
2845,15/09/2019,Atletico-MG,Internacional,1.0,3.0,A,1.69,3.71,5.61,-1.0,0.0,5,7
2846,15/09/2019,Bahia,Fortaleza,1.0,1.0,D,1.61,3.79,6.47,0.0,0.0,3,8
2847,15/09/2019,Fluminense,Corinthians,1.0,0.0,H,3.23,3.06,2.51,0.5,0.0,19,16
2848,15/09/2019,Gremio,Goias,3.0,0.0,H,1.27,6.05,11.57,1.5,0.0,6,9
2849,15/09/2019,Sao Paulo,CSA,1.0,1.0,D,1.28,5.29,13.82,0.0,0.0,2,18
2850,21/09/2019,Botafogo RJ,Sao Paulo,1.0,2.0,A,3.73,3.26,2.17,-0.5,0.0,13,2
2851,21/09/2019,Cruzeiro,Flamengo RJ,1.0,2.0,A,3.94,3.49,2.03,-0.5,0.0,14,12
2852,21/09/2019,Corinthians,Bahia,2.0,1.0,H,1.93,3.19,4.96,0.5,0.0,16,3
2853,22/09/2019,Santos,Gremio,0.0,3.0,A,2.04,3.47,3.91,-1.5,0.0,1,6
2854,22/09/2019,Internacional,Chapecoense-SC,1.0,0.0,H,1.42,4.39,9.16,0.5,0.0,7,17
2855,22/09/2019,CSA,Ceara,1.0,0.0,H,3.16,3.12,2.51,0.5,0.0,18,4
2856,22/09/2019,Fortaleza,Palmeiras,0.0,1.0,A,4.68,3.5,1.87,-0.5,0.0,8,10
2857,22/09/2019,Vasco,Athletico-PR,1.0,1.0,D,2.13,3.32,3.79,0.0,0.0,11,0
2858,22/09/2019,Goias,Fluminense,3.0,0.0,H,2.88,3.39,2.55,1.5,0.0,9,19
2859,24/09/2019,Avai,Atletico-MG,1.0,0.0,H,2.6,3.1,3.05,0.5,0.0,15,5
2860,25/09/2019,Ceara,Cruzeiro,0.0,0.0,D,2.21,3.11,3.82,0.0,0.0,4,14
2861,26/09/2019,Bahia,Botafogo RJ,2.0,0.0,H,1.62,3.92,5.99,1.0,0.0,3,13
2862,26/09/2019,Flamengo RJ,Internacional,3.0,1.0,H,1.6,3.93,6.3,1.0,0.0,12,7
2863,26/09/2019,Sao Paulo,Goias,0.0,1.0,A,1.34,4.92,10.64,-0.5,0.0,2,9
2864,26/09/2019,Palmeiras,CSA,6.0,2.0,H,1.19,7.14,16.76,2.0,0.0,10,18
2865,27/09/2019,Fluminense,Santos,1.0,1.0,D,2.59,3.31,2.88,0.0,0.0,19,1
2866,27/09/2019,Gremio,Avai,6.0,1.0,H,1.34,4.71,12.25,2.5,0.0,6,15
2867,27/09/2019,Athletico-PR,Fortaleza,4.0,1.0,H,1.44,4.65,7.65,1.5,0.0,0,8
2868,28/09/2019,Flamengo RJ,Sao Paulo,0.0,0.0,D,1.68,3.61,6.09,0.0,0.0,12,2
2869,29/09/2019,Corinthians,Vasco,1.0,0.0,H,1.77,3.47,5.46,0.5,0.0,16,11
2870,29/09/2019,Fluminense,Gremio,2.0,1.0,H,2.3,3.31,3.36,0.5,0.0,19,6
2871,29/09/2019,Internacional,Palmeiras,1.0,1.0,D,3.25,3.03,2.52,0.0,0.0,7,10
2872,29/09/2019,Santos,CSA,2.0,0.0,H,1.2,6.85,15.57,1.0,0.0,1,18
2873,29/09/2019,Athletico-PR,Chapecoense-SC,1.0,1.0,D,1.27,5.95,11.32,0.0,0.0,0,17
2874,29/09/2019,Atletico-MG,Ceara,2.0,1.0,H,1.58,3.94,6.47,0.5,0.0,5,4
2875,01/10/2019,Avai,Bahia,0.0,2.0,A,3.19,2.98,2.59,-1.0,0.0,15,3
2876,01/10/2019,Fortaleza,Botafogo RJ,1.0,0.0,H,1.81,3.67,4.74,0.5,0.0,8,13
2877,01/10/2019,Goias,Cruzeiro,1.0,0.0,H,3.09,3.02,2.64,0.5,0.0,9,14
2878,02/10/2019,Atletico-MG,Vasco,1.0,2.0,A,1.81,3.5,5.09,-0.5,0.0,5,11
2879,02/10/2019,Chapecoense-SC,Corinthians,0.0,1.0,A,4.22,3.1,2.1,-0.5,0.0,17,16
2880,05/10/2019,Sao Paulo,Fortaleza,2.0,1.0,H,1.47,4.3,7.9,0.5,0.0,2,8
2881,05/10/2019,Vasco,Santos,0.0,1.0,A,2.58,3.22,2.97,-0.5,0.0,11,1
2882,05/10/2019,Bahia,Athletico-PR,1.0,2.0,A,2.19,3.31,3.61,-0.5,0.0,3,0
2883,05/10/2019,Gremio,Corinthians,0.0,0.0,D,1.76,3.39,5.76,0.0,0.0,6,16
2884,06/10/2019,Cruzeiro,Internacional,1.0,1.0,D,2.66,2.98,3.09,0.0,0.0,14,7
2885,06/10/2019,Chapecoense-SC,Flamengo RJ,0.0,1.0,A,6.19,3.92,1.61,-0.5,0.0,17,12
2886,06/10/2019,Botafogo RJ,Fluminense,0.0,1.0,A,3.03,3.14,2.59,-0.5,0.0,13,19
2887,06/10/2019,Ceara,Goias,0.0,1.0,A,1.61,3.86,6.25,-0.5,0.0,4,9
2888,06/10/2019,Palmeiras,Atletico-MG,1.0,1.0,D,1.41,4.44,9.58,0.0,0.0,10,5
2889,06/10/2019,CSA,Avai,3.0,1.0,H,2.54,2.9,3.38,1.0,0.0,18,15
2890,09/10/2019,Botafogo RJ,Goias,3.0,1.0,H,2.14,3.33,3.74,1.0,0.0,13,9
2891,09/10/2019,CSA,Internacional,1.0,0.0,H,5.3,3.34,1.83,0.5,0.0,18,7
2892,10/10/2019,Fortaleza,Chapecoense-SC,2.0,0.0,H,1.63,3.97,5.77,1.0,0.0,8,17
2893,10/10/2019,Bahia,Sao Paulo,0.0,0.0,D,2.56,2.93,3.29,0.0,0.0,3,2
2894,10/10/2019,Gremio,Ceara,2.0,1.0,H,1.68,3.54,6.17,0.5,0.0,6,4
2895,10/10/2019,Cruzeiro,Fluminense,0.0,0.0,D,1.84,3.48,4.86,0.0,0.0,14,19
2896,10/10/2019,Santos,Palmeiras,2.0,0.0,H,2.84,3.02,2.85,1.0,0.0,1,10
2897,10/10/2019,Avai,Vasco,0.0,0.0,D,3.22,2.88,2.65,0.0,0.0,15,11
2898,10/10/2019,Corinthians,Athletico-PR,2.0,2.0,D,1.95,3.29,4.61,0.0,0.0,16,0
2899,11/10/2019,Flamengo RJ,Atletico-MG,3.0,1.0,H,1.5,4.1,7.64,1.0,0.0,12,5
2900,12/10/2019,Goias,CSA,1.0,0.0,H,1.65,3.84,5.86,0.5,0.0,9,18
2901,12/10/2019,Fluminense,Bahia,2.0,0.0,H,2.12,3.19,3.98,1.0,0.0,19,3
2902,13/10/2019,Palmeiras,Botafogo RJ,1.0,0.0,H,1.24,6.0,13.97,0.5,0.0,10,13
2903,13/10/2019,Athletico-PR,Flamengo RJ,0.0,2.0,A,3.01,3.28,2.51,-1.0,0.0,0,12
2904,13/10/2019,Ceara,Avai,1.0,0.0,H,1.54,3.96,7.31,0.5,0.0,4,15
2905,13/10/2019,Internacional,Santos,0.0,0.0,D,2.19,3.23,3.71,0.0,0.0,7,1
2906,13/10/2019,Vasco,Fortaleza,1.0,0.0,H,1.55,4.16,6.57,0.5,0.0,11,8
2907,13/10/2019,Sao Paulo,Corinthians,1.0,0.0,H,2.25,2.89,4.1,0.5,0.0,2,16
2908,13/10/2019,Atletico-MG,Gremio,1.0,4.0,A,2.45,3.4,3.01,-1.5,0.0,5,6
2909,13/10/2019,Chapecoense-SC,Cruzeiro,1.0,1.0,D,4.21,3.19,2.07,0.0,0.0,17,14
2910,16/10/2019,CSA,Atletico-MG,2.0,2.0,A,3.85,3.35,2.1,0.0,0.0,18,5
2911,16/10/2019,Gremio,Bahia,0.0,1.0,A,1.51,4.23,7.11,-0.5,0.0,6,3
2912,17/10/2019,Fortaleza,Flamengo RJ,1.0,2.0,A,6.19,3.98,1.6,-0.5,0.0,8,12
2913,17/10/2019,Cruzeiro,Sao Paulo,1.0,0.0,A,2.66,2.98,3.09,0.5,0.0,14,2
2914,17/10/2019,Palmeiras,Chapecoense-SC,1.0,0.0,A,1.16,7.49,21.35,0.5,0.0,10,17
2915,17/10/2019,Goias,Corinthians,2.0,2.0,A,2.93,2.97,2.81,0.0,0.0,9,16
2916,17/10/2019,Vasco,Botafogo RJ,2.0,1.0,A,1.74,3.61,5.43,0.5,0.0,11,13
2917,17/10/2019,Avai,Internacional,0.0,2.0,A,4.02,3.02,2.2,-1.0,0.0,15,7
2918,17/10/2019,Santos,Ceara,2.0,1.0,A,1.51,4.07,7.54,0.5,0.0,1,4
2919,18/10/2019,Fluminense,Athletico-PR,1.0,2.0,A,2.54,3.24,3.01,-0.5,0.0,19,0
2920,19/10/2019,Fortaleza,Gremio,2.0,1.0,H,2.79,3.0,2.91,0.5,0.0,8,6
2921,19/10/2019,Corinthians,Cruzeiro,1.0,2.0,A,2.37,3.03,3.54,-0.5,0.0,16,14
2922,20/10/2019,Atletico-MG,Santos,2.0,0.0,H,2.37,3.42,3.12,1.0,0.0,5,1
2923,20/10/2019,Internacional,Vasco,0.0,1.0,A,1.81,3.45,5.2,-0.5,0.0,7,11
2924,20/10/2019,Sao Paulo,Avai,1.0,0.0,H,1.38,4.66,9.79,0.5,0.0,2,15
2925,20/10/2019,Flamengo RJ,Fluminense,2.0,0.0,H,1.47,4.36,7.72,1.0,0.0,12,19
2926,20/10/2019,Athletico-PR,Palmeiras,1.0,1.0,D,2.83,3.23,2.69,0.0,0.0,0,10
2927,20/10/2019,Chapecoense-SC,Goias,2.0,2.0,D,1.99,3.32,4.35,0.0,0.0,17,9
2928,21/10/2019,Bahia,Ceara,1.0,2.0,A,1.69,3.62,5.85,-0.5,0.0,3,4
2929,22/10/2019,Botafogo RJ,CSA,2.0,1.0,H,1.71,3.55,5.8,0.5,0.0,13,18
2930,26/10/2019,Ceara,Vasco,1.0,1.0,D,2.02,3.42,4.08,0.0,0.0,4,11
2931,26/10/2019,Corinthians,Santos,0.0,0.0,D,2.79,3.03,2.88,0.0,0.0,16,1
2932,26/10/2019,Bahia,Internacional,2.0,3.0,A,2.61,2.95,3.21,-0.5,0.0,3,7
2933,26/10/2019,Fluminense,Chapecoense-SC,1.0,1.0,D,1.42,4.59,8.51,0.0,0.0,19,17
2934,27/10/2019,Cruzeiro,Fortaleza,1.0,1.0,D,1.64,3.66,6.4,0.0,0.0,14,8
2935,27/10/2019,Athletico-PR,Goias,4.0,1.0,H,1.3,5.7,10.41,1.5,0.0,0,9
2936,27/10/2019,Gremio,Botafogo RJ,3.0,0.0,H,1.3,5.61,10.59,1.5,0.0,6,13
2937,27/10/2019,Sao Paulo,Atletico-MG,2.0,0.0,H,1.87,3.45,4.74,1.0,0.0,2,5
2938,27/10/2019,Avai,Palmeiras,1.0,2.0,A,6.82,3.65,1.62,-0.5,0.0,15,10
2939,27/10/2019,Flamengo RJ,CSA,1.0,0.0,H,1.08,12.25,29.58,0.5,0.0,12,18
2940,30/10/2019,Atletico-MG,Chapecoense-SC,0.0,2.0,A,1.3,5.97,9.38,-1.0,0.0,5,17
2941,30/10/2019,Avai,Fortaleza,1.0,3.0,A,2.64,3.03,3.06,-1.0,0.0,15,8
2942,30/10/2019,Palmeiras,Sao Paulo,3.0,0.0,H,1.8,3.32,5.57,1.5,0.0,10,2
2943,31/10/2019,Ceara,Fluminense,2.0,0.0,H,1.98,3.36,4.32,1.0,0.0,4,19
2944,31/10/2019,CSA,Corinthians,2.0,1.0,H,4.15,2.98,2.18,0.5,0.0,18,16
2945,31/10/2019,Vasco,Gremio,1.0,3.0,A,2.75,2.97,2.99,-1.0,0.0,11,6
2946,31/10/2019,Santos,Bahia,1.0,0.0,H,1.57,4.05,6.42,0.5,0.0,1,3
2947,31/10/2019,Goias,Flamengo RJ,2.0,2.0,D,7.24,4.8,1.44,0.0,0.0,9,12
2948,01/11/2019,Botafogo RJ,Cruzeiro,0.0,2.0,A,3.45,3.01,2.42,-1.0,0.0,13,14
2949,01/11/2019,Internacional,Athletico-PR,1.0,1.0,D,1.84,3.67,4.54,0.0,0.0,7,0
2950,02/11/2019,Fortaleza,Atletico-MG,2.0,2.0,D,2.71,3.13,2.89,0.0,0.0,8,5
2951,02/11/2019,Fluminense,Vasco,0.0,0.0,D,2.34,3.15,3.45,0.0,0.0,19,11
2952,02/11/2019,Palmeiras,Ceara,1.0,0.0,H,1.25,5.7,14.64,0.5,0.0,10,4
2953,03/11/2019,Chapecoense-SC,Sao Paulo,0.0,3.0,A,4.76,3.33,1.91,-1.5,0.0,17,2
2954,03/11/2019,Flamengo RJ,Corinthians,4.0,1.0,H,1.47,4.23,8.14,1.5,0.0,12,16
2955,03/11/2019,Athletico-PR,CSA,1.0,0.0,H,1.25,6.03,12.75,0.5,0.0,0,18
2956,03/11/2019,Gremio,Internacional,2.0,0.0,H,2.05,3.14,4.4,1.0,0.0,6,7
2957,03/11/2019,Cruzeiro,Bahia,1.0,1.0,D,1.8,3.44,5.27,0.0,0.0,14,3
2958,03/11/2019,Santos,Botafogo RJ,4.0,1.0,H,1.31,5.44,10.69,1.5,0.0,1,13
2959,03/11/2019,Goias,Avai,2.0,0.0,H,1.61,3.88,6.17,1.0,0.0,9,15
2960,06/11/2019,Corinthians,Fortaleza,3.0,2.0,H,1.71,3.52,5.91,0.5,0.0,16,8
2961,06/11/2019,Atletico-MG,Goias,2.0,0.0,H,1.44,4.51,7.87,1.0,0.0,5,9
2962,07/11/2019,Avai,Santos,1.0,2.0,A,6.7,3.93,1.57,-0.5,0.0,15,1
2963,07/11/2019,Athletico-PR,Cruzeiro,0.0,0.0,D,1.74,3.68,5.25,0.0,0.0,0,14
2964,07/11/2019,Bahia,Chapecoense-SC,1.0,1.0,D,1.52,4.13,7.24,0.0,0.0,3,17
2965,07/11/2019,Vasco,Palmeiras,1.0,2.0,A,3.06,3.0,2.67,-0.5,0.0,11,10
2966,07/11/2019,Ceara,Internacional,2.0,0.0,H,2.35,3.2,3.36,1.0,0.0,4,7
2967,07/11/2019,Sao Paulo,Fluminense,0.0,2.0,A,1.72,3.61,5.57,-1.0,0.0,2,19
2968,07/11/2019,Botafogo RJ,Flamengo RJ,0.0,1.0,A,7.6,4.78,1.43,-0.5,0.0,13,12
2969,08/11/2019,Gremio,CSA,2.0,1.0,H,1.15,8.06,20.64,0.5,0.0,6,18
2970,09/11/2019,Goias,Santos,0.0,3.0,A,4.06,3.42,2.02,-1.5,0.0,9,1
2971,09/11/2019,Palmeiras,Corinthians,1.0,1.0,D,1.58,3.69,7.35,0.0,0.0,10,16
2972,10/11/2019,Cruzeiro,Atletico-MG,0.0,0.0,D,2.36,3.03,3.54,0.0,0.0,14,5
2973,10/11/2019,Internacional,Fluminense,2.0,1.0,H,1.78,3.58,5.14,0.5,0.0,7,19
2974,10/11/2019,Sao Paulo,Athletico-PR,0.0,1.0,A,1.71,3.64,5.59,-0.5,0.0,2,0
2975,10/11/2019,Flamengo RJ,Bahia,3.0,1.0,H,1.29,5.45,12.0,1.0,0.0,12,3
2976,10/11/2019,Chapecoense-SC,Gremio,0.0,1.0,A,6.36,3.99,1.58,-0.5,0.0,17,6
2977,10/11/2019,CSA,Vasco,0.0,3.0,A,3.05,3.03,2.65,-1.5,0.0,18,11
2978,10/11/2019,Fortaleza,Ceara,1.0,0.0,H,3.07,3.08,2.6,0.5,0.0,8,4
2979,11/11/2019,Botafogo RJ,Avai,2.0,0.0,H,1.72,3.73,5.28,1.0,0.0,13,15
2980,14/11/2019,Flamengo RJ,Vasco,4.0,4.0,D,1.38,4.85,8.53,0.0,0.0,12,11
2981,16/11/2019,Santos,Sao Paulo,1.0,1.0,D,2.02,3.19,4.34,0.0,0.0,1,2
2982,16/11/2019,Fluminense,Atletico-MG,1.0,1.0,D,2.25,3.39,3.33,0.0,0.0,19,5
2983,17/11/2019,Bahia,Palmeiras,1.0,1.0,D,4.72,3.32,1.9,0.0,0.0,3,10
2984,17/11/2019,Gremio,Flamengo RJ,0.0,1.0,A,1.97,3.6,3.97,-0.5,0.0,6,12
2985,17/11/2019,Athletico-PR,Botafogo RJ,1.0,0.0,H,1.38,4.69,9.05,0.5,0.0,0,13
2986,17/11/2019,Chapecoense-SC,Ceara,1.0,0.0,H,3.18,3.2,2.42,0.5,0.0,17,4
2987,17/11/2019,Corinthians,Internacional,0.0,0.0,D,2.51,3.03,3.22,0.0,0.0,16,7
2988,17/11/2019,Fortaleza,CSA,3.0,0.0,H,1.64,3.62,6.35,1.5,0.0,8,18
2989,18/11/2019,Vasco,Goias,1.0,1.0,D,1.52,4.06,7.14,0.0,0.0,11,9
2990,18/11/2019,Cruzeiro,Avai,0.0,0.0,D,1.29,5.08,12.94,0.0,0.0,14,15
2991,24/11/2019,Santos,Cruzeiro,4.0,1.0,H,1.87,3.57,4.44,1.5,0.0,1,14
2992,24/11/2019,Atletico-MG,Athletico-PR,0.0,1.0,A,2.0,3.66,3.77,-0.5,0.0,5,0
2993,24/11/2019,Goias,Bahia,4.0,3.0,H,2.5,3.24,3.03,0.5,0.0,9,3
2994,24/11/2019,Palmeiras,Gremio,1.0,2.0,A,2.19,3.14,3.77,-0.5,0.0,10,6
2995,24/11/2019,Botafogo RJ,Corinthians,1.0,0.0,H,3.13,2.92,2.64,0.5,0.0,13,16
2996,24/11/2019,Avai,Chapecoense-SC,0.0,1.0,A,2.42,3.17,3.21,-0.5,0.0,15,17
2997,24/11/2019,Ceara,Sao Paulo,1.0,1.0,D,2.62,3.06,3.02,0.0,0.0,4,2
2998,24/11/2019,Internacional,Fortaleza,2.0,2.0,D,1.39,4.71,8.46,0.0,0.0,7,8
2999,25/11/2019,CSA,Fluminense,0.0,1.0,A,3.88,3.36,2.06,-0.5,0.0,18,19
3000,27/11/2019,Chapecoense-SC,Botafogo RJ,0.0,1.0,A,2.57,3.02,3.13,-0.5,0.0,17,13
3001,27/11/2019,Internacional,Goias,1.0,2.0,A,1.39,4.79,8.47,-0.5,0.0,7,9
3002,28/11/2019,Bahia,Atletico-MG,1.0,1.0,D,2.56,3.27,2.91,0.0,0.0,3,5
3003,28/11/2019,Athletico-PR,Gremio,2.0,0.0,H,2.61,3.18,2.92,1.0,0.0,0,6
3004,28/11/2019,Corinthians,Avai,3.0,0.0,H,1.39,4.29,10.27,1.5,0.0,16,15
3005,28/11/2019,Flamengo RJ,Ceara,4.0,1.0,H,1.42,4.75,7.55,1.5,0.0,12,4
3006,28/11/2019,Fluminense,Palmeiras,1.0,0.0,H,2.66,3.11,2.93,0.5,0.0,19,10
3007,28/11/2019,Fortaleza,Santos,2.0,1.0,H,3.25,3.31,2.32,0.5,0.0,8,1
3008,28/11/2019,Sao Paulo,Vasco,1.0,0.0,H,1.65,3.63,6.11,0.5,0.0,2,11
3009,29/11/2019,Cruzeiro,CSA,0.0,1.0,A,1.33,4.87,10.8,-0.5,0.0,14,18
3010,30/11/2019,Botafogo RJ,Internacional,0.0,1.0,A,3.9,3.16,2.14,-0.5,0.0,13,7
3011,30/11/2019,Ceara,Athletico-PR,1.0,1.0,D,2.06,3.27,4.03,0.0,0.0,4,0
3012,01/12/2019,Avai,Fluminense,1.0,1.0,D,6.29,4.01,1.57,0.0,0.0,15,19
3013,01/12/2019,Goias,Fortaleza,1.0,2.0,A,2.01,3.58,3.82,-0.5,0.0,9,8
3014,01/12/2019,Palmeiras,Flamengo RJ,1.0,3.0,A,2.39,3.49,2.98,-1.0,0.0,10,12
3015,01/12/2019,Atletico-MG,Corinthians,2.0,1.0,H,2.01,3.32,4.14,0.5,0.0,5,16
3016,01/12/2019,CSA,Bahia,1.0,2.0,A,3.18,3.22,2.41,-0.5,0.0,18,3
3017,01/12/2019,Gremio,Sao Paulo,3.0,0.0,H,1.8,3.37,5.26,1.5,0.0,6,2
3018,01/12/2019,Santos,Chapecoense-SC,2.0,0.0,H,1.22,6.28,14.46,1.0,0.0,1,17
3019,02/12/2019,Vasco,Cruzeiro,1.0,0.0,H,2.47,3.11,3.19,0.5,0.0,11,14
3020,04/12/2019,Athletico-PR,Santos,1.0,0.0,H,2.23,3.44,3.31,0.5,0.0,0,1
3021,04/12/2019,Atletico-MG,Botafogo RJ,2.0,0.0,H,1.42,4.39,8.73,1.0,0.0,5,13
3022,04/12/2019,Ceara,Corinthians,0.0,1.0,A,2.07,3.08,4.28,-0.5,0.0,4,16
3023,05/12/2019,Chapecoense-SC,CSA,3.0,0.0,H,2.12,3.23,3.87,1.5,0.0,17,18
3024,05/12/2019,Fluminense,Fortaleza,0.0,0.0,D,1.85,3.54,4.57,0.0,0.0,19,8
3025,05/12/2019,Sao Paulo,Internacional,2.0,1.0,H,2.23,2.95,3.96,0.5,0.0,2,7
3026,05/12/2019,Bahia,Vasco,1.0,1.0,D,1.87,3.41,4.7,0.0,0.0,3,11
3027,05/12/2019,Gremio,Cruzeiro,2.0,0.0,H,1.7,3.78,5.19,1.0,0.0,6,14
3028,05/12/2019,Palmeiras,Goias,5.0,1.0,H,1.41,4.78,7.48,2.0,0.0,10,9
3029,05/12/2019,Flamengo RJ,Avai,6.0,1.0,H,1.09,10.48,22.79,2.5,0.0,12,15
3030,08/12/2019,Avai,Athletico-PR,0.0,0.0,D,4.12,3.5,1.96,0.0,0.0,15,0
3031,08/12/2019,Botafogo RJ,Ceara,1.0,1.0,D,3.2,2.54,3.0,0.0,0.0,13,4
3032,08/12/2019,Corinthians,Fluminense,1.0,2.0,A,2.19,3.24,3.62,-0.5,0.0,16,19
3033,08/12/2019,Cruzeiro,Palmeiras,0.0,2.0,A,2.58,3.33,2.84,-1.0,0.0,14,10
3034,08/12/2019,CSA,Sao Paulo,1.0,2.0,A,3.53,3.36,2.18,-0.5,0.0,18,2
3035,08/12/2019,Fortaleza,Bahia,2.0,1.0,H,2.01,3.72,3.66,0.5,0.0,8,3
3036,08/12/2019,Goias,Gremio,3.0,2.0,H,2.06,3.62,3.59,0.5,0.0,9,6
3037,08/12/2019,Internacional,Atletico-MG,2.0,1.0,H,1.57,4.3,5.73,0.5,0.0,7,5
3038,08/12/2019,Santos,Flamengo RJ,4.0,0.0,H,2.71,3.74,2.47,2.0,0.0,1,12
3039,08/12/2019,Vasco,Chapecoense-SC,1.0,1.0,D,1.4,4.58,8.62,0.0,0.0,11,17
